"metric","name","value","pid"
"latency","first_input_to_frame_latency",346.000000,789280
"latency","last_input_to_frame_latency",264.000000,789280
"counter","gwsi_avgFPS",4.000000,0
"counter","gwsi_avgFPS",5.000000,0
"counter","gwsi_avgFPS",12.000000,0
"counter","gwsi_avgFPS",10.000000,0
"counter","gwsi_avgFPS",4.000000,0
"counter","gwsi_avgFPS",20.000000,0
"counter","gwsi_avgFPS",24.000000,0
"counter","gwsi_avgFPS",24.000000,0
"counter","gwsi_avgFPS",25.000000,0
"counter","gwsi_avgFPS",33.000000,0
"counter","gwsi_avgFPS",24.000000,0
"counter","gwsi_avgFPS",65.000000,0
"counter","gwsi_avgFPS",25.000000,0
"counter","gwsi_droppedFramesPerSec",1.000000,0
"counter","gwsi_droppedFramesPerSec",1.000000,0
"counter","gwsi_droppedFramesPerSec",0.000000,0
"counter","gwsi_droppedFramesPerSec",0.000000,0
"counter","gwsi_droppedFramesPerSec",1.000000,0
"counter","gwsi_droppedFramesPerSec",2.000000,0
"counter","gwsi_droppedFramesPerSec",0.000000,0
"counter","gwsi_droppedFramesPerSec",0.000000,0
"counter","gwsi_droppedFramesPerSec",0.000000,0
"counter","gwsi_droppedFramesPerSec",4.000000,0
"counter","gwsi_droppedFramesPerSec",1.000000,0
"counter","gwsi_droppedFramesPerSec",16.000000,0
"counter","gwsi_droppedFramesPerSec",1.000000,0
"counter","gwsi_submittedFPS",4.000000,0
"counter","gwsi_submittedFPS",4.000000,0
"counter","gwsi_submittedFPS",12.000000,0
"counter","gwsi_submittedFPS",10.000000,0
"counter","gwsi_submittedFPS",4.000000,0
"counter","gwsi_submittedFPS",20.000000,0
"counter","gwsi_submittedFPS",24.000000,0
"counter","gwsi_submittedFPS",24.000000,0
"counter","gwsi_submittedFPS",25.000000,0
"counter","gwsi_submittedFPS",33.000000,0
"counter","gwsi_submittedFPS",24.000000,0
"counter","gwsi_submittedFPS",63.000000,0
"counter","gwsi_submittedFPS",25.000000,0
"jank","gwsi_frameTimeline",0.000000,0
"jank","gwsi_frameTimeline",0.000000,0
"jank","gwsi_frameTimeline",0.000000,0
"jank","gwsi_frameTimeline",0.000000,0
"jank","gwsi_frameTimeline",0.000000,0
"jank","gwsi_frameTimeline",0.000000,0
"jank","gwsi_frameTimeline",0.000000,0
"jank","gwsi_frameTimeline",0.000000,0
"jank","gwsi_frameTimeline",0.000000,0
"jank","gwsi_frameTimeline",0.000000,0
"jank","gwsi_frameTimeline",0.000000,0
"jank","gwsi_frameTimeline",0.000000,0
"jank","gwsi_frameTimeline",0.000000,0
"jank","gwsi_frameTimeline",0.000000,0
"jank","gwsi_frameTimeline",0.000000,0
"jank","gwsi_frameTimeline",0.000000,0
"jank","gwsi_frameTimeline",0.000000,0
"jank","gwsi_frameTimeline",0.000000,0
"jank","gwsi_frameTimeline",0.000000,0
"jank","gwsi_frameTimeline",0.000000,0
"jank","gwsi_frameTimeline",0.000000,0
"jank","gwsi_frameTimeline",0.000000,0
"jank","gwsi_frameTimeline",0.000000,0
"jank","gwsi_frameTimeline",0.000000,0
"jank","gwsi_frameTimeline",0.000000,0
"jank","gwsi_frameTimeline",0.000000,0
"jank","gwsi_frameTimeline",0.000000,0
"jank","gwsi_frameTimeline",0.000000,0
"jank","gwsi_frameTimeline",0.000000,0
"jank","gwsi_frameTimeline",0.000000,0
"jank","gwsi_frameTimeline",0.000000,0
"jank","gwsi_frameTimeline",0.000000,0
"jank","gwsi_frameTimeline",0.000000,0
"jank","gwsi_frameTimeline",0.000000,0
"jank","gwsi_frameTimeline",0.000000,0
"jank","gwsi_frameTimeline",0.000000,0
"jank","gwsi_frameTimeline",0.000000,0
"jank","gwsi_frameTimeline",0.000000,0
"jank","gwsi_frameTimeline",0.000000,0
"jank","gwsi_frameTimeline",0.000000,0
"jank","gwsi_frameTimeline",0.000000,0
"jank","gwsi_frameTimeline",0.000000,0
"jank","gwsi_frameTimeline",0.000000,0
"jank","gwsi_frameTimeline",0.000000,0
"jank","gwsi_frameTimeline",0.000000,0
"jank","gwsi_frameTimeline",0.000000,0
"jank","gwsi_frameTimeline",0.000000,0
"jank","gwsi_frameTimeline",0.000000,0
"jank","gwsi_frameTimeline",0.000000,0
"jank","gwsi_frameTimeline",0.000000,0
"jank","gwsi_frameTimeline",0.000000,0
"jank","gwsi_frameTimeline",0.000000,0
"jank","gwsi_frameTimeline",0.000000,0
"jank","gwsi_frameTimeline",0.000000,0
"jank","gwsi_frameTimeline",0.000000,0
"jank","gwsi_frameTimeline",0.000000,0
"jank","gwsi_frameTimeline",0.000000,0
"jank","gwsi_frameTimeline",0.000000,0
"jank","gwsi_frameTimeline",0.000000,0
"jank","gwsi_frameTimeline",0.000000,0
"jank","gwsi_frameTimeline",0.000000,0
"jank","gwsi_frameTimeline",0.000000,0
"jank","gwsi_frameTimeline",0.000000,0
"jank","gwsi_frameTimeline",0.000000,0
"jank","gwsi_frameTimeline",0.000000,0
"jank","gwsi_frameTimeline",0.000000,0
"jank","gwsi_frameTimeline",0.000000,0
"jank","gwsi_frameTimeline",0.000000,0
"jank","gwsi_frameTimeline",0.000000,0
"jank","gwsi_frameTimeline",0.000000,0
"jank","gwsi_frameTimeline",0.000000,0
"jank","gwsi_frameTimeline",0.000000,0
"jank","gwsi_frameTimeline",0.000000,0
"jank","gwsi_frameTimeline",0.000000,0
"jank","gwsi_frameTimeline",0.000000,0
"jank","gwsi_frameTimeline",0.000000,0
"jank","gwsi_frameTimeline",0.000000,0
"jank","gwsi_frameTimeline",0.000000,0
"jank","gwsi_frameTimeline",0.000000,0
"jank","gwsi_frameTimeline",0.000000,0
"jank","gwsi_frameTimeline",0.000000,0
"jank","gwsi_frameTimeline",0.000000,0
"jank","gwsi_frameTimeline",0.000000,0
"jank","gwsi_frameTimeline",0.000000,0
"jank","gwsi_frameTimeline",0.000000,0
"jank","gwsi_frameTimeline",0.000000,0
"jank","gwsi_frameTimeline",0.000000,0
"jank","gwsi_frameTimeline",0.000000,0
"jank","gwsi_frameTimeline",0.000000,0
"jank","gwsi_frameTimeline",0.000000,0
"jank","gwsi_frameTimeline",0.000000,0
"jank","gwsi_frameTimeline",0.000000,0
"jank","gwsi_frameTimeline",0.000000,0
"jank","gwsi_frameTimeline",0.000000,0
"jank","gwsi_frameTimeline",0.000000,0
"jank","gwsi_frameTimeline",0.000000,0
"jank","gwsi_frameTimeline",0.000000,0
"jank","gwsi_frameTimeline",0.000000,0
"jank","gwsi_frameTimeline",0.000000,0
"jank","gwsi_frameTimeline",0.000000,0
"jank","gwsi_frameTimeline",0.000000,0
"jank","gwsi_frameTimeline",0.000000,0
"jank","gwsi_frameTimeline",0.000000,0
"jank","gwsi_frameTimeline",0.000000,0
"jank","gwsi_frameTimeline",0.000000,0
"jank","gwsi_frameTimeline",0.000000,0
"jank","gwsi_frameTimeline",0.000000,0
"jank","gwsi_frameTimeline",0.000000,0
"jank","gwsi_frameTimeline",0.000000,0
"jank","gwsi_frameTimeline",0.000000,0
"jank","gwsi_frameTimeline",0.000000,0
"jank","gwsi_frameTimeline",0.000000,0
"jank","gwsi_frameTimeline",0.000000,0
"jank","gwsi_frameTimeline",0.000000,0
"jank","gwsi_frameTimeline",0.000000,0
"jank","gwsi_frameTimeline",0.000000,0
"jank","gwsi_frameTimeline",0.000000,0
"jank","gwsi_frameTimeline",0.000000,0
"jank","gwsi_frameTimeline",0.000000,0
"jank","gwsi_frameTimeline",0.000000,0
"jank","gwsi_frameTimeline",0.000000,0
"jank","gwsi_frameTimeline",0.000000,0
"jank","gwsi_frameTimeline",0.000000,0
"jank","gwsi_frameTimeline",0.000000,0
"jank","gwsi_frameTimeline",0.000000,0
"jank","gwsi_frameTimeline",0.000000,0
"jank","gwsi_frameTimeline",0.000000,0
"jank","gwsi_frameTimeline",0.000000,0
"jank","gwsi_frameTimeline",0.000000,0
